Filename,Predictions
barred_spiral/109132.jpg,barred_spiral
barred_spiral/121774.jpg,spiral
barred_spiral/125687.jpg,barred_spiral
barred_spiral/126364.jpg,spiral
barred_spiral/134425.jpg,spiral
barred_spiral/134903.jpg,elliptical
barred_spiral/135873.jpg,barred_spiral
barred_spiral/153037.jpg,barred_spiral
barred_spiral/157161.jpg,barred_spiral
barred_spiral/163545.jpg,barred_spiral
barred_spiral/167104.jpg,barred_spiral
barred_spiral/172519.jpg,barred_spiral
barred_spiral/176220.jpg,barred_spiral
barred_spiral/187737.jpg,barred_spiral
barred_spiral/187830.jpg,barred_spiral
barred_spiral/202444.jpg,barred_spiral
barred_spiral/206514.jpg,barred_spiral
barred_spiral/206541.jpg,spiral
barred_spiral/220802.jpg,barred_spiral
barred_spiral/227909.jpg,barred_spiral
barred_spiral/233269.jpg,barred_spiral
barred_spiral/237951.jpg,barred_spiral
barred_spiral/238795.jpg,barred_spiral
barred_spiral/269671.jpg,barred_spiral
barred_spiral/277016.jpg,spiral
barred_spiral/281806.jpg,barred_spiral
barred_spiral/287137.jpg,barred_spiral
barred_spiral/287199.jpg,spiral
barred_spiral/298073.jpg,barred_spiral
barred_spiral/298662.jpg,barred_spiral
barred_spiral/303696.jpg,spiral
barred_spiral/320105.jpg,barred_spiral
barred_spiral/321389.jpg,spiral
barred_spiral/330473.jpg,barred_spiral
barred_spiral/330903.jpg,barred_spiral
barred_spiral/333701.jpg,barred_spiral
barred_spiral/351486.jpg,spiral
barred_spiral/352266.jpg,barred_spiral
barred_spiral/359954.jpg,barred_spiral
barred_spiral/366064.jpg,barred_spiral
barred_spiral/367739.jpg,barred_spiral
barred_spiral/385232.jpg,spiral
barred_spiral/396981.jpg,spiral
barred_spiral/403362.jpg,spiral
barred_spiral/409115.jpg,barred_spiral
barred_spiral/415276.jpg,barred_spiral
barred_spiral/415443.jpg,barred_spiral
barred_spiral/418987.jpg,barred_spiral
barred_spiral/423516.jpg,spiral
barred_spiral/431896.jpg,spiral
barred_spiral/440634.jpg,barred_spiral
barred_spiral/441881.jpg,spiral
barred_spiral/446505.jpg,barred_spiral
barred_spiral/447764.jpg,barred_spiral
barred_spiral/452219.jpg,barred_spiral
barred_spiral/458336.jpg,barred_spiral
barred_spiral/458509.jpg,barred_spiral
barred_spiral/462253.jpg,barred_spiral
barred_spiral/466967.jpg,barred_spiral
barred_spiral/479703.jpg,barred_spiral
barred_spiral/492246.jpg,spiral
barred_spiral/496780.jpg,barred_spiral
barred_spiral/498066.jpg,barred_spiral
barred_spiral/512571.jpg,barred_spiral
barred_spiral/519342.jpg,spiral
barred_spiral/525093.jpg,spiral
barred_spiral/538129.jpg,spiral
barred_spiral/540473.jpg,barred_spiral
barred_spiral/544651.jpg,barred_spiral
barred_spiral/546529.jpg,barred_spiral
barred_spiral/554031.jpg,barred_spiral
barred_spiral/556888.jpg,edge_view_spiral
barred_spiral/559854.jpg,elliptical
barred_spiral/564709.jpg,barred_spiral
barred_spiral/571422.jpg,spiral
barred_spiral/572798.jpg,barred_spiral
barred_spiral/573888.jpg,spiral
barred_spiral/574137.jpg,spiral
barred_spiral/584105.jpg,barred_spiral
barred_spiral/586777.jpg,spiral
barred_spiral/588621.jpg,barred_spiral
barred_spiral/593230.jpg,barred_spiral
barred_spiral/595736.jpg,barred_spiral
barred_spiral/597630.jpg,barred_spiral
barred_spiral/617997.jpg,barred_spiral
barred_spiral/621156.jpg,barred_spiral
barred_spiral/657520.jpg,barred_spiral
barred_spiral/667381.jpg,barred_spiral
barred_spiral/677239.jpg,spiral
barred_spiral/679432.jpg,barred_spiral
barred_spiral/683360.jpg,barred_spiral
barred_spiral/685522.jpg,spiral
barred_spiral/687244.jpg,barred_spiral
barred_spiral/691298.jpg,barred_spiral
barred_spiral/701682.jpg,barred_spiral
edge_view_spiral/107583.jpg,edge_view_spiral
edge_view_spiral/116979.jpg,edge_view_spiral
edge_view_spiral/117492.jpg,edge_view_spiral
edge_view_spiral/118337.jpg,barred_spiral
edge_view_spiral/119454.jpg,edge_view_spiral
edge_view_spiral/132782.jpg,edge_view_spiral
edge_view_spiral/139040.jpg,edge_view_spiral
edge_view_spiral/142863.jpg,edge_view_spiral
edge_view_spiral/150803.jpg,edge_view_spiral
edge_view_spiral/153436.jpg,edge_view_spiral
edge_view_spiral/157596.jpg,edge_view_spiral
edge_view_spiral/162141.jpg,edge_view_spiral
edge_view_spiral/173542.jpg,edge_view_spiral
edge_view_spiral/174490.jpg,edge_view_spiral
edge_view_spiral/175567.jpg,edge_view_spiral
edge_view_spiral/177315.jpg,edge_view_spiral
edge_view_spiral/177491.jpg,edge_view_spiral
edge_view_spiral/181054.jpg,edge_view_spiral
edge_view_spiral/182947.jpg,edge_view_spiral
edge_view_spiral/184399.jpg,edge_view_spiral
edge_view_spiral/185513.jpg,edge_view_spiral
edge_view_spiral/188069.jpg,edge_view_spiral
edge_view_spiral/195109.jpg,edge_view_spiral
edge_view_spiral/199467.jpg,edge_view_spiral
edge_view_spiral/200413.jpg,edge_view_spiral
edge_view_spiral/203388.jpg,edge_view_spiral
edge_view_spiral/207118.jpg,edge_view_spiral
edge_view_spiral/209575.jpg,edge_view_spiral
edge_view_spiral/210789.jpg,edge_view_spiral
edge_view_spiral/218518.jpg,edge_view_spiral
edge_view_spiral/219156.jpg,edge_view_spiral
edge_view_spiral/219184.jpg,edge_view_spiral
edge_view_spiral/221196.jpg,edge_view_spiral
edge_view_spiral/224707.jpg,edge_view_spiral
edge_view_spiral/225317.jpg,edge_view_spiral
edge_view_spiral/227808.jpg,edge_view_spiral
edge_view_spiral/231511.jpg,edge_view_spiral
edge_view_spiral/236913.jpg,edge_view_spiral
edge_view_spiral/245748.jpg,edge_view_spiral
edge_view_spiral/247344.jpg,edge_view_spiral
edge_view_spiral/247966.jpg,edge_view_spiral
edge_view_spiral/250704.jpg,edge_view_spiral
edge_view_spiral/252319.jpg,edge_view_spiral
edge_view_spiral/255864.jpg,edge_view_spiral
edge_view_spiral/258387.jpg,edge_view_spiral
edge_view_spiral/259735.jpg,edge_view_spiral
edge_view_spiral/264602.jpg,edge_view_spiral
edge_view_spiral/267106.jpg,edge_view_spiral
edge_view_spiral/275200.jpg,edge_view_spiral
edge_view_spiral/282579.jpg,edge_view_spiral
edge_view_spiral/282998.jpg,edge_view_spiral
edge_view_spiral/285507.jpg,edge_view_spiral
edge_view_spiral/294929.jpg,edge_view_spiral
edge_view_spiral/297535.jpg,edge_view_spiral
edge_view_spiral/298294.jpg,edge_view_spiral
edge_view_spiral/299435.jpg,edge_view_spiral
edge_view_spiral/302283.jpg,edge_view_spiral
edge_view_spiral/305412.jpg,edge_view_spiral
edge_view_spiral/305792.jpg,edge_view_spiral
edge_view_spiral/330837.jpg,edge_view_spiral
edge_view_spiral/331671.jpg,edge_view_spiral
edge_view_spiral/332746.jpg,edge_view_spiral
edge_view_spiral/333049.jpg,edge_view_spiral
edge_view_spiral/335354.jpg,edge_view_spiral
edge_view_spiral/335524.jpg,edge_view_spiral
edge_view_spiral/336829.jpg,edge_view_spiral
edge_view_spiral/337272.jpg,edge_view_spiral
edge_view_spiral/337385.jpg,edge_view_spiral
edge_view_spiral/337715.jpg,edge_view_spiral
edge_view_spiral/342884.jpg,edge_view_spiral
edge_view_spiral/344604.jpg,edge_view_spiral
edge_view_spiral/345276.jpg,edge_view_spiral
edge_view_spiral/352789.jpg,edge_view_spiral
edge_view_spiral/356502.jpg,edge_view_spiral
edge_view_spiral/357233.jpg,edge_view_spiral
edge_view_spiral/358664.jpg,edge_view_spiral
edge_view_spiral/358859.jpg,edge_view_spiral
edge_view_spiral/359411.jpg,edge_view_spiral
edge_view_spiral/366202.jpg,edge_view_spiral
edge_view_spiral/367187.jpg,edge_view_spiral
edge_view_spiral/367441.jpg,barred_spiral
edge_view_spiral/367854.jpg,edge_view_spiral
edge_view_spiral/369038.jpg,edge_view_spiral
edge_view_spiral/376411.jpg,edge_view_spiral
edge_view_spiral/395457.jpg,edge_view_spiral
edge_view_spiral/399585.jpg,edge_view_spiral
edge_view_spiral/400162.jpg,edge_view_spiral
edge_view_spiral/401505.jpg,edge_view_spiral
edge_view_spiral/404833.jpg,edge_view_spiral
edge_view_spiral/407849.jpg,edge_view_spiral
edge_view_spiral/408728.jpg,edge_view_spiral
edge_view_spiral/414094.jpg,edge_view_spiral
edge_view_spiral/415126.jpg,edge_view_spiral
edge_view_spiral/421923.jpg,edge_view_spiral
edge_view_spiral/423412.jpg,edge_view_spiral
edge_view_spiral/425276.jpg,edge_view_spiral
edge_view_spiral/428002.jpg,edge_view_spiral
edge_view_spiral/431800.jpg,edge_view_spiral
edge_view_spiral/432250.jpg,edge_view_spiral
edge_view_spiral/432641.jpg,edge_view_spiral
edge_view_spiral/440131.jpg,edge_view_spiral
edge_view_spiral/441564.jpg,edge_view_spiral
edge_view_spiral/445400.jpg,edge_view_spiral
edge_view_spiral/446177.jpg,edge_view_spiral
edge_view_spiral/453938.jpg,edge_view_spiral
edge_view_spiral/458583.jpg,edge_view_spiral
edge_view_spiral/461594.jpg,barred_spiral
edge_view_spiral/461984.jpg,edge_view_spiral
edge_view_spiral/463031.jpg,edge_view_spiral
edge_view_spiral/463692.jpg,edge_view_spiral
edge_view_spiral/467552.jpg,edge_view_spiral
edge_view_spiral/473711.jpg,edge_view_spiral
edge_view_spiral/475720.jpg,edge_view_spiral
edge_view_spiral/477308.jpg,edge_view_spiral
edge_view_spiral/478637.jpg,elliptical
edge_view_spiral/483580.jpg,edge_view_spiral
edge_view_spiral/483899.jpg,edge_view_spiral
edge_view_spiral/487822.jpg,edge_view_spiral
edge_view_spiral/491929.jpg,edge_view_spiral
edge_view_spiral/501704.jpg,edge_view_spiral
edge_view_spiral/504259.jpg,edge_view_spiral
edge_view_spiral/505911.jpg,edge_view_spiral
edge_view_spiral/509433.jpg,edge_view_spiral
edge_view_spiral/515236.jpg,edge_view_spiral
edge_view_spiral/517141.jpg,edge_view_spiral
edge_view_spiral/518777.jpg,edge_view_spiral
edge_view_spiral/527393.jpg,edge_view_spiral
edge_view_spiral/532286.jpg,edge_view_spiral
edge_view_spiral/533192.jpg,elliptical
edge_view_spiral/537624.jpg,edge_view_spiral
edge_view_spiral/540177.jpg,edge_view_spiral
edge_view_spiral/543866.jpg,edge_view_spiral
edge_view_spiral/544746.jpg,edge_view_spiral
edge_view_spiral/548129.jpg,edge_view_spiral
edge_view_spiral/548573.jpg,edge_view_spiral
edge_view_spiral/556254.jpg,edge_view_spiral
edge_view_spiral/558340.jpg,edge_view_spiral
edge_view_spiral/564008.jpg,edge_view_spiral
edge_view_spiral/565593.jpg,edge_view_spiral
edge_view_spiral/566628.jpg,edge_view_spiral
edge_view_spiral/567505.jpg,edge_view_spiral
edge_view_spiral/570666.jpg,edge_view_spiral
edge_view_spiral/574039.jpg,edge_view_spiral
edge_view_spiral/576919.jpg,edge_view_spiral
edge_view_spiral/581159.jpg,edge_view_spiral
edge_view_spiral/583320.jpg,edge_view_spiral
edge_view_spiral/588078.jpg,edge_view_spiral
edge_view_spiral/589864.jpg,edge_view_spiral
edge_view_spiral/591523.jpg,edge_view_spiral
edge_view_spiral/598216.jpg,edge_view_spiral
edge_view_spiral/598625.jpg,edge_view_spiral
edge_view_spiral/600199.jpg,edge_view_spiral
edge_view_spiral/601149.jpg,edge_view_spiral
edge_view_spiral/601474.jpg,edge_view_spiral
edge_view_spiral/602701.jpg,edge_view_spiral
edge_view_spiral/614926.jpg,edge_view_spiral
edge_view_spiral/618353.jpg,edge_view_spiral
edge_view_spiral/618445.jpg,edge_view_spiral
edge_view_spiral/622721.jpg,edge_view_spiral
edge_view_spiral/623955.jpg,edge_view_spiral
edge_view_spiral/627694.jpg,edge_view_spiral
edge_view_spiral/628173.jpg,edge_view_spiral
edge_view_spiral/631471.jpg,edge_view_spiral
edge_view_spiral/633430.jpg,edge_view_spiral
edge_view_spiral/633908.jpg,edge_view_spiral
edge_view_spiral/634903.jpg,edge_view_spiral
edge_view_spiral/638977.jpg,edge_view_spiral
edge_view_spiral/648822.jpg,edge_view_spiral
edge_view_spiral/654788.jpg,edge_view_spiral
edge_view_spiral/657503.jpg,edge_view_spiral
edge_view_spiral/658067.jpg,edge_view_spiral
edge_view_spiral/659633.jpg,edge_view_spiral
edge_view_spiral/661077.jpg,edge_view_spiral
edge_view_spiral/662411.jpg,edge_view_spiral
edge_view_spiral/663567.jpg,edge_view_spiral
edge_view_spiral/669374.jpg,edge_view_spiral
edge_view_spiral/670982.jpg,edge_view_spiral
edge_view_spiral/675644.jpg,edge_view_spiral
edge_view_spiral/676330.jpg,edge_view_spiral
edge_view_spiral/677751.jpg,edge_view_spiral
edge_view_spiral/680159.jpg,elliptical
edge_view_spiral/684495.jpg,edge_view_spiral
edge_view_spiral/685199.jpg,edge_view_spiral
edge_view_spiral/691786.jpg,edge_view_spiral
edge_view_spiral/692875.jpg,edge_view_spiral
edge_view_spiral/693274.jpg,edge_view_spiral
elliptical/102371.jpg,elliptical
elliptical/102770.jpg,elliptical
elliptical/103260.jpg,elliptical
elliptical/103610.jpg,elliptical
elliptical/104703.jpg,elliptical
elliptical/107521.jpg,elliptical
elliptical/107553.jpg,elliptical
elliptical/107573.jpg,elliptical
elliptical/109074.jpg,spiral
elliptical/109155.jpg,elliptical
elliptical/110306.jpg,elliptical
elliptical/110411.jpg,edge_view_spiral
elliptical/111383.jpg,elliptical
elliptical/111428.jpg,elliptical
elliptical/111681.jpg,elliptical
elliptical/112119.jpg,elliptical
elliptical/113566.jpg,elliptical
elliptical/114173.jpg,elliptical
elliptical/114696.jpg,elliptical
elliptical/115109.jpg,edge_view_spiral
elliptical/116780.jpg,elliptical
elliptical/117510.jpg,elliptical
elliptical/117813.jpg,elliptical
elliptical/117833.jpg,elliptical
elliptical/117921.jpg,elliptical
elliptical/119256.jpg,elliptical
elliptical/120201.jpg,elliptical
elliptical/122634.jpg,edge_view_spiral
elliptical/123412.jpg,elliptical
elliptical/123811.jpg,elliptical
elliptical/125209.jpg,elliptical
elliptical/126502.jpg,elliptical
elliptical/126719.jpg,elliptical
elliptical/126856.jpg,elliptical
elliptical/128068.jpg,elliptical
elliptical/129277.jpg,elliptical
elliptical/129809.jpg,elliptical
elliptical/130356.jpg,elliptical
elliptical/130558.jpg,elliptical
elliptical/130803.jpg,elliptical
elliptical/132416.jpg,spiral
elliptical/132423.jpg,elliptical
elliptical/132957.jpg,elliptical
elliptical/133637.jpg,elliptical
elliptical/135059.jpg,elliptical
elliptical/135134.jpg,elliptical
elliptical/135494.jpg,elliptical
elliptical/137052.jpg,spiral
elliptical/137352.jpg,elliptical
elliptical/138352.jpg,elliptical
elliptical/139202.jpg,elliptical
elliptical/139269.jpg,elliptical
elliptical/139303.jpg,elliptical
elliptical/139955.jpg,elliptical
elliptical/140246.jpg,elliptical
elliptical/140289.jpg,elliptical
elliptical/141746.jpg,edge_view_spiral
elliptical/142281.jpg,elliptical
elliptical/142918.jpg,elliptical
elliptical/143772.jpg,elliptical
elliptical/144007.jpg,spiral
elliptical/148734.jpg,elliptical
elliptical/148859.jpg,elliptical
elliptical/149364.jpg,elliptical
elliptical/150182.jpg,elliptical
elliptical/150749.jpg,elliptical
elliptical/151955.jpg,elliptical
elliptical/153381.jpg,elliptical
elliptical/153582.jpg,edge_view_spiral
elliptical/153963.jpg,elliptical
elliptical/154238.jpg,elliptical
elliptical/154538.jpg,elliptical
elliptical/154669.jpg,elliptical
elliptical/154994.jpg,spiral
elliptical/155527.jpg,elliptical
elliptical/156944.jpg,elliptical
elliptical/157498.jpg,elliptical
elliptical/157622.jpg,elliptical
elliptical/157950.jpg,elliptical
elliptical/158678.jpg,elliptical
elliptical/159809.jpg,elliptical
elliptical/159820.jpg,spiral
elliptical/160920.jpg,elliptical
elliptical/161372.jpg,elliptical
elliptical/161618.jpg,elliptical
elliptical/161650.jpg,elliptical
elliptical/162829.jpg,elliptical
elliptical/164433.jpg,elliptical
elliptical/164550.jpg,elliptical
elliptical/165572.jpg,elliptical
elliptical/166592.jpg,elliptical
elliptical/169089.jpg,elliptical
elliptical/169559.jpg,elliptical
elliptical/169897.jpg,elliptical
elliptical/170144.jpg,elliptical
elliptical/170259.jpg,elliptical
elliptical/170579.jpg,elliptical
elliptical/170583.jpg,elliptical
elliptical/171487.jpg,elliptical
elliptical/172396.jpg,elliptical
elliptical/172932.jpg,elliptical
elliptical/173506.jpg,elliptical
elliptical/173860.jpg,elliptical
elliptical/174059.jpg,elliptical
elliptical/175175.jpg,elliptical
elliptical/175442.jpg,elliptical
elliptical/175754.jpg,elliptical
elliptical/175930.jpg,elliptical
elliptical/176297.jpg,elliptical
elliptical/176633.jpg,elliptical
elliptical/176783.jpg,elliptical
elliptical/178024.jpg,elliptical
elliptical/178752.jpg,elliptical
elliptical/178882.jpg,elliptical
elliptical/179380.jpg,elliptical
elliptical/180047.jpg,elliptical
elliptical/182091.jpg,elliptical
elliptical/182345.jpg,elliptical
elliptical/182348.jpg,spiral
elliptical/182642.jpg,elliptical
elliptical/183782.jpg,elliptical
elliptical/184447.jpg,spiral
elliptical/185147.jpg,elliptical
elliptical/185710.jpg,elliptical
elliptical/186990.jpg,elliptical
elliptical/187828.jpg,elliptical
elliptical/187971.jpg,elliptical
elliptical/188393.jpg,elliptical
elliptical/188440.jpg,elliptical
elliptical/188628.jpg,spiral
elliptical/189844.jpg,elliptical
elliptical/189925.jpg,elliptical
elliptical/191189.jpg,elliptical
elliptical/191762.jpg,elliptical
elliptical/192828.jpg,elliptical
elliptical/193224.jpg,elliptical
elliptical/193478.jpg,elliptical
elliptical/194407.jpg,elliptical
elliptical/195336.jpg,elliptical
elliptical/195607.jpg,elliptical
elliptical/195626.jpg,elliptical
elliptical/197317.jpg,elliptical
elliptical/199474.jpg,elliptical
elliptical/200225.jpg,elliptical
elliptical/200310.jpg,elliptical
elliptical/200531.jpg,elliptical
elliptical/200595.jpg,spiral
elliptical/201285.jpg,elliptical
elliptical/202147.jpg,spiral
elliptical/202948.jpg,elliptical
elliptical/202984.jpg,elliptical
elliptical/204389.jpg,elliptical
elliptical/205064.jpg,elliptical
elliptical/205589.jpg,elliptical
elliptical/205605.jpg,elliptical
elliptical/206461.jpg,elliptical
elliptical/208073.jpg,elliptical
elliptical/208763.jpg,elliptical
elliptical/209647.jpg,elliptical
elliptical/210232.jpg,elliptical
elliptical/211727.jpg,barred_spiral
elliptical/213295.jpg,elliptical
elliptical/213606.jpg,elliptical
elliptical/213767.jpg,elliptical
elliptical/214038.jpg,elliptical
elliptical/217984.jpg,elliptical
elliptical/218190.jpg,elliptical
elliptical/218587.jpg,elliptical
elliptical/218669.jpg,elliptical
elliptical/219187.jpg,elliptical
elliptical/220121.jpg,elliptical
elliptical/220379.jpg,elliptical
elliptical/220401.jpg,elliptical
elliptical/221404.jpg,elliptical
elliptical/223842.jpg,elliptical
elliptical/224724.jpg,elliptical
elliptical/225327.jpg,elliptical
elliptical/226101.jpg,elliptical
elliptical/226421.jpg,elliptical
elliptical/226774.jpg,elliptical
elliptical/228000.jpg,elliptical
elliptical/229778.jpg,elliptical
elliptical/231874.jpg,elliptical
elliptical/231925.jpg,elliptical
elliptical/231998.jpg,spiral
elliptical/232957.jpg,elliptical
elliptical/233784.jpg,elliptical
elliptical/233944.jpg,elliptical
elliptical/234659.jpg,elliptical
elliptical/234756.jpg,elliptical
elliptical/234904.jpg,elliptical
elliptical/236170.jpg,elliptical
elliptical/236321.jpg,elliptical
elliptical/236552.jpg,elliptical
elliptical/237392.jpg,elliptical
elliptical/237986.jpg,elliptical
elliptical/238789.jpg,elliptical
elliptical/239945.jpg,elliptical
elliptical/242712.jpg,elliptical
elliptical/243126.jpg,elliptical
elliptical/243953.jpg,elliptical
elliptical/245110.jpg,elliptical
elliptical/246019.jpg,elliptical
elliptical/246658.jpg,elliptical
elliptical/247475.jpg,elliptical
elliptical/247522.jpg,elliptical
elliptical/247610.jpg,elliptical
elliptical/251305.jpg,elliptical
elliptical/252003.jpg,elliptical
elliptical/252160.jpg,elliptical
elliptical/252854.jpg,elliptical
elliptical/253660.jpg,elliptical
elliptical/254825.jpg,elliptical
elliptical/256765.jpg,elliptical
elliptical/262833.jpg,elliptical
elliptical/262876.jpg,elliptical
elliptical/264417.jpg,elliptical
elliptical/265833.jpg,elliptical
elliptical/266534.jpg,elliptical
elliptical/266841.jpg,elliptical
elliptical/266884.jpg,elliptical
elliptical/269330.jpg,elliptical
elliptical/269935.jpg,barred_spiral
elliptical/270004.jpg,elliptical
elliptical/271024.jpg,elliptical
elliptical/272712.jpg,elliptical
elliptical/272816.jpg,spiral
elliptical/273329.jpg,elliptical
elliptical/273618.jpg,elliptical
elliptical/273630.jpg,elliptical
elliptical/274739.jpg,elliptical
elliptical/275573.jpg,elliptical
elliptical/275687.jpg,elliptical
elliptical/278421.jpg,elliptical
elliptical/278622.jpg,elliptical
elliptical/279350.jpg,elliptical
elliptical/279582.jpg,spiral
elliptical/280408.jpg,elliptical
elliptical/280607.jpg,elliptical
elliptical/282345.jpg,elliptical
elliptical/282891.jpg,elliptical
elliptical/283714.jpg,elliptical
elliptical/283764.jpg,elliptical
elliptical/284648.jpg,elliptical
elliptical/284931.jpg,barred_spiral
elliptical/285089.jpg,elliptical
elliptical/285768.jpg,elliptical
elliptical/288568.jpg,elliptical
elliptical/290562.jpg,elliptical
elliptical/290997.jpg,elliptical
elliptical/291815.jpg,elliptical
elliptical/292593.jpg,elliptical
elliptical/292790.jpg,elliptical
elliptical/294761.jpg,elliptical
elliptical/295231.jpg,elliptical
elliptical/295877.jpg,elliptical
elliptical/295937.jpg,elliptical
elliptical/295990.jpg,elliptical
elliptical/297143.jpg,elliptical
elliptical/297282.jpg,elliptical
elliptical/297918.jpg,elliptical
elliptical/298333.jpg,elliptical
elliptical/298446.jpg,elliptical
elliptical/300723.jpg,elliptical
elliptical/301417.jpg,elliptical
elliptical/301476.jpg,elliptical
elliptical/301524.jpg,elliptical
elliptical/301670.jpg,elliptical
elliptical/304974.jpg,elliptical
elliptical/305311.jpg,elliptical
elliptical/305339.jpg,elliptical
elliptical/305816.jpg,elliptical
elliptical/305947.jpg,elliptical
elliptical/306467.jpg,elliptical
elliptical/306480.jpg,elliptical
elliptical/306602.jpg,elliptical
elliptical/306615.jpg,elliptical
elliptical/307299.jpg,elliptical
elliptical/307352.jpg,elliptical
elliptical/307888.jpg,elliptical
elliptical/308382.jpg,elliptical
elliptical/309207.jpg,elliptical
elliptical/310222.jpg,elliptical
elliptical/310951.jpg,elliptical
elliptical/311894.jpg,elliptical
elliptical/311962.jpg,elliptical
elliptical/312110.jpg,elliptical
elliptical/312467.jpg,elliptical
elliptical/312596.jpg,elliptical
elliptical/313018.jpg,elliptical
elliptical/313274.jpg,elliptical
elliptical/314751.jpg,elliptical
elliptical/315894.jpg,elliptical
elliptical/316216.jpg,elliptical
elliptical/317612.jpg,elliptical
elliptical/317779.jpg,elliptical
elliptical/318861.jpg,elliptical
elliptical/318932.jpg,elliptical
elliptical/320389.jpg,elliptical
elliptical/321081.jpg,elliptical
elliptical/321174.jpg,spiral
elliptical/321872.jpg,elliptical
elliptical/322045.jpg,elliptical
elliptical/322821.jpg,elliptical
elliptical/324055.jpg,elliptical
elliptical/324396.jpg,elliptical
elliptical/324610.jpg,elliptical
elliptical/324703.jpg,elliptical
elliptical/324937.jpg,elliptical
elliptical/325091.jpg,elliptical
elliptical/326910.jpg,elliptical
elliptical/327020.jpg,elliptical
elliptical/328084.jpg,elliptical
elliptical/328346.jpg,elliptical
elliptical/329118.jpg,elliptical
elliptical/330118.jpg,spiral
elliptical/331218.jpg,elliptical
elliptical/331323.jpg,elliptical
elliptical/332748.jpg,elliptical
elliptical/333085.jpg,elliptical
elliptical/334550.jpg,elliptical
elliptical/334751.jpg,elliptical
elliptical/334947.jpg,elliptical
elliptical/335086.jpg,elliptical
elliptical/335912.jpg,elliptical
elliptical/337418.jpg,elliptical
elliptical/338552.jpg,elliptical
elliptical/339132.jpg,elliptical
elliptical/339274.jpg,elliptical
elliptical/339311.jpg,elliptical
elliptical/339901.jpg,elliptical
elliptical/340144.jpg,elliptical
elliptical/340504.jpg,elliptical
elliptical/342113.jpg,elliptical
elliptical/343261.jpg,elliptical
elliptical/343363.jpg,elliptical
elliptical/343873.jpg,elliptical
elliptical/344478.jpg,elliptical
elliptical/345078.jpg,elliptical
elliptical/345946.jpg,elliptical
elliptical/348127.jpg,elliptical
elliptical/348610.jpg,elliptical
elliptical/348717.jpg,elliptical
elliptical/348784.jpg,elliptical
elliptical/349116.jpg,elliptical
elliptical/349165.jpg,elliptical
elliptical/349463.jpg,elliptical
elliptical/349898.jpg,spiral
elliptical/350882.jpg,elliptical
elliptical/352882.jpg,elliptical
elliptical/353616.jpg,elliptical
elliptical/354024.jpg,elliptical
elliptical/354550.jpg,elliptical
elliptical/355222.jpg,elliptical
elliptical/361501.jpg,elliptical
elliptical/361533.jpg,elliptical
elliptical/361572.jpg,elliptical
elliptical/361608.jpg,spiral
elliptical/362202.jpg,elliptical
elliptical/363487.jpg,elliptical
elliptical/363678.jpg,elliptical
elliptical/365305.jpg,elliptical
elliptical/366932.jpg,elliptical
elliptical/369179.jpg,elliptical
elliptical/369960.jpg,elliptical
elliptical/370030.jpg,elliptical
elliptical/371302.jpg,elliptical
elliptical/373235.jpg,elliptical
elliptical/373258.jpg,elliptical
elliptical/373470.jpg,elliptical
elliptical/373606.jpg,elliptical
elliptical/374848.jpg,elliptical
elliptical/376002.jpg,elliptical
elliptical/376846.jpg,elliptical
elliptical/376901.jpg,elliptical
elliptical/376956.jpg,elliptical
elliptical/377062.jpg,elliptical
elliptical/377483.jpg,elliptical
elliptical/379793.jpg,elliptical
elliptical/381304.jpg,elliptical
elliptical/381753.jpg,elliptical
elliptical/384913.jpg,elliptical
elliptical/385414.jpg,elliptical
elliptical/385788.jpg,elliptical
elliptical/389463.jpg,elliptical
elliptical/390021.jpg,elliptical
elliptical/390301.jpg,elliptical
elliptical/390835.jpg,elliptical
elliptical/391019.jpg,elliptical
elliptical/391848.jpg,elliptical
elliptical/392088.jpg,elliptical
elliptical/392522.jpg,elliptical
elliptical/392621.jpg,elliptical
elliptical/393704.jpg,elliptical
elliptical/395138.jpg,elliptical
elliptical/395743.jpg,elliptical
elliptical/396933.jpg,elliptical
elliptical/397371.jpg,elliptical
elliptical/399075.jpg,elliptical
elliptical/400445.jpg,elliptical
elliptical/400836.jpg,elliptical
elliptical/401772.jpg,elliptical
elliptical/401991.jpg,elliptical
elliptical/402241.jpg,elliptical
elliptical/403500.jpg,elliptical
elliptical/403799.jpg,spiral
elliptical/403972.jpg,elliptical
elliptical/404076.jpg,elliptical
elliptical/404239.jpg,elliptical
elliptical/404268.jpg,elliptical
elliptical/405103.jpg,elliptical
elliptical/405606.jpg,elliptical
elliptical/406089.jpg,elliptical
elliptical/406938.jpg,elliptical
elliptical/407042.jpg,elliptical
elliptical/407258.jpg,elliptical
elliptical/409058.jpg,elliptical
elliptical/409711.jpg,elliptical
elliptical/409965.jpg,elliptical
elliptical/410245.jpg,elliptical
elliptical/410406.jpg,elliptical
elliptical/410737.jpg,elliptical
elliptical/411513.jpg,elliptical
elliptical/416123.jpg,elliptical
elliptical/417650.jpg,elliptical
elliptical/418258.jpg,elliptical
elliptical/419092.jpg,elliptical
elliptical/419731.jpg,elliptical
elliptical/420086.jpg,elliptical
elliptical/421046.jpg,elliptical
elliptical/421350.jpg,elliptical
elliptical/425014.jpg,elliptical
elliptical/425029.jpg,elliptical
elliptical/425572.jpg,elliptical
elliptical/426086.jpg,elliptical
elliptical/426206.jpg,elliptical
elliptical/427893.jpg,elliptical
elliptical/430157.jpg,elliptical
elliptical/430706.jpg,elliptical
elliptical/431849.jpg,elliptical
elliptical/432792.jpg,elliptical
elliptical/432928.jpg,spiral
elliptical/433943.jpg,elliptical
elliptical/435411.jpg,elliptical
elliptical/435469.jpg,elliptical
elliptical/435618.jpg,elliptical
elliptical/435914.jpg,elliptical
elliptical/436901.jpg,elliptical
elliptical/437619.jpg,elliptical
elliptical/438389.jpg,elliptical
elliptical/438854.jpg,elliptical
elliptical/438859.jpg,elliptical
elliptical/438873.jpg,elliptical
elliptical/440477.jpg,elliptical
elliptical/440781.jpg,elliptical
elliptical/441615.jpg,elliptical
elliptical/443779.jpg,elliptical
elliptical/445465.jpg,elliptical
elliptical/446017.jpg,elliptical
elliptical/446629.jpg,elliptical
elliptical/447514.jpg,spiral
elliptical/448296.jpg,elliptical
elliptical/449003.jpg,spiral
elliptical/449826.jpg,elliptical
elliptical/453146.jpg,elliptical
elliptical/453297.jpg,elliptical
elliptical/453431.jpg,elliptical
elliptical/453550.jpg,elliptical
elliptical/453832.jpg,elliptical
elliptical/455086.jpg,elliptical
elliptical/456095.jpg,elliptical
elliptical/457334.jpg,elliptical
elliptical/457912.jpg,elliptical
elliptical/458055.jpg,elliptical
elliptical/459020.jpg,elliptical
elliptical/460279.jpg,spiral
elliptical/461043.jpg,elliptical
elliptical/461736.jpg,elliptical
elliptical/462809.jpg,elliptical
elliptical/463760.jpg,spiral
elliptical/464283.jpg,elliptical
elliptical/465196.jpg,elliptical
elliptical/465495.jpg,elliptical
elliptical/465995.jpg,elliptical
elliptical/466945.jpg,elliptical
elliptical/467432.jpg,elliptical
elliptical/468036.jpg,elliptical
elliptical/468165.jpg,elliptical
elliptical/469323.jpg,elliptical
elliptical/469621.jpg,elliptical
elliptical/470122.jpg,elliptical
elliptical/470626.jpg,elliptical
elliptical/470925.jpg,elliptical
elliptical/473780.jpg,elliptical
elliptical/474223.jpg,elliptical
elliptical/474350.jpg,spiral
elliptical/474472.jpg,elliptical
elliptical/474565.jpg,elliptical
elliptical/477170.jpg,elliptical
elliptical/478277.jpg,elliptical
elliptical/478681.jpg,elliptical
elliptical/478849.jpg,elliptical
elliptical/479084.jpg,elliptical
elliptical/479454.jpg,elliptical
elliptical/479488.jpg,elliptical
elliptical/479845.jpg,elliptical
elliptical/480819.jpg,elliptical
elliptical/481320.jpg,elliptical
elliptical/481420.jpg,elliptical
elliptical/481479.jpg,elliptical
elliptical/481885.jpg,elliptical
elliptical/481897.jpg,elliptical
elliptical/484363.jpg,elliptical
elliptical/484708.jpg,elliptical
elliptical/484878.jpg,elliptical
elliptical/484899.jpg,elliptical
elliptical/485324.jpg,elliptical
elliptical/486634.jpg,elliptical
elliptical/490548.jpg,elliptical
elliptical/490959.jpg,elliptical
elliptical/492266.jpg,elliptical
elliptical/492293.jpg,elliptical
elliptical/492719.jpg,elliptical
elliptical/495152.jpg,elliptical
elliptical/495470.jpg,elliptical
elliptical/496786.jpg,elliptical
elliptical/498911.jpg,elliptical
elliptical/500322.jpg,elliptical
elliptical/500789.jpg,elliptical
elliptical/501305.jpg,elliptical
elliptical/501765.jpg,elliptical
elliptical/502649.jpg,spiral
elliptical/502832.jpg,elliptical
elliptical/503037.jpg,elliptical
elliptical/503813.jpg,elliptical
elliptical/509175.jpg,elliptical
elliptical/509449.jpg,elliptical
elliptical/510792.jpg,elliptical
elliptical/511378.jpg,elliptical
elliptical/511653.jpg,elliptical
elliptical/511830.jpg,elliptical
elliptical/514298.jpg,elliptical
elliptical/514424.jpg,elliptical
elliptical/516472.jpg,elliptical
elliptical/517026.jpg,elliptical
elliptical/517794.jpg,elliptical
elliptical/518678.jpg,elliptical
elliptical/519048.jpg,elliptical
elliptical/519243.jpg,elliptical
elliptical/519850.jpg,elliptical
elliptical/520920.jpg,elliptical
elliptical/521006.jpg,elliptical
elliptical/521065.jpg,elliptical
elliptical/521309.jpg,elliptical
elliptical/521775.jpg,elliptical
elliptical/522686.jpg,elliptical
elliptical/523199.jpg,elliptical
elliptical/523619.jpg,elliptical
elliptical/523759.jpg,elliptical
elliptical/525988.jpg,spiral
elliptical/526457.jpg,elliptical
elliptical/527463.jpg,elliptical
elliptical/527497.jpg,elliptical
elliptical/528376.jpg,elliptical
elliptical/528933.jpg,elliptical
elliptical/529768.jpg,elliptical
elliptical/530033.jpg,elliptical
elliptical/531249.jpg,elliptical
elliptical/531765.jpg,elliptical
elliptical/532511.jpg,elliptical
elliptical/532608.jpg,elliptical
elliptical/539088.jpg,elliptical
elliptical/539274.jpg,elliptical
elliptical/540724.jpg,elliptical
elliptical/541520.jpg,elliptical
elliptical/541585.jpg,elliptical
elliptical/542046.jpg,elliptical
elliptical/542697.jpg,elliptical
elliptical/545860.jpg,elliptical
elliptical/545944.jpg,elliptical
elliptical/546860.jpg,elliptical
elliptical/546929.jpg,elliptical
elliptical/547202.jpg,elliptical
elliptical/547384.jpg,elliptical
elliptical/547943.jpg,elliptical
elliptical/548136.jpg,elliptical
elliptical/548275.jpg,elliptical
elliptical/548733.jpg,elliptical
elliptical/548836.jpg,spiral
elliptical/549537.jpg,spiral
elliptical/549760.jpg,elliptical
elliptical/549963.jpg,elliptical
elliptical/551574.jpg,elliptical
elliptical/551685.jpg,elliptical
elliptical/551974.jpg,elliptical
elliptical/552241.jpg,elliptical
elliptical/552980.jpg,elliptical
elliptical/553198.jpg,elliptical
elliptical/553565.jpg,edge_view_spiral
elliptical/554463.jpg,elliptical
elliptical/555049.jpg,elliptical
elliptical/555700.jpg,elliptical
elliptical/556012.jpg,elliptical
elliptical/557013.jpg,elliptical
elliptical/557066.jpg,elliptical
elliptical/557327.jpg,elliptical
elliptical/558018.jpg,elliptical
elliptical/558546.jpg,elliptical
elliptical/559132.jpg,elliptical
elliptical/559315.jpg,elliptical
elliptical/559650.jpg,elliptical
elliptical/560202.jpg,spiral
elliptical/560817.jpg,spiral
elliptical/561766.jpg,elliptical
elliptical/562239.jpg,elliptical
elliptical/562905.jpg,elliptical
elliptical/563552.jpg,elliptical
elliptical/564333.jpg,elliptical
elliptical/565575.jpg,elliptical
elliptical/566138.jpg,elliptical
elliptical/566511.jpg,elliptical
elliptical/567186.jpg,spiral
elliptical/567874.jpg,elliptical
elliptical/568427.jpg,elliptical
elliptical/568569.jpg,elliptical
elliptical/570814.jpg,elliptical
elliptical/571152.jpg,elliptical
elliptical/571477.jpg,elliptical
elliptical/571585.jpg,elliptical
elliptical/572036.jpg,edge_view_spiral
elliptical/573390.jpg,elliptical
elliptical/573438.jpg,elliptical
elliptical/573468.jpg,elliptical
elliptical/575520.jpg,elliptical
elliptical/577046.jpg,elliptical
elliptical/577813.jpg,elliptical
elliptical/578896.jpg,elliptical
elliptical/578957.jpg,elliptical
elliptical/579578.jpg,elliptical
elliptical/581246.jpg,elliptical
elliptical/581391.jpg,elliptical
elliptical/581664.jpg,elliptical
elliptical/582513.jpg,elliptical
elliptical/582944.jpg,elliptical
elliptical/583550.jpg,elliptical
elliptical/583795.jpg,elliptical
elliptical/585301.jpg,elliptical
elliptical/585592.jpg,elliptical
elliptical/585840.jpg,elliptical
elliptical/585972.jpg,elliptical
elliptical/587211.jpg,elliptical
elliptical/588188.jpg,elliptical
elliptical/589030.jpg,spiral
elliptical/589976.jpg,elliptical
elliptical/590244.jpg,elliptical
elliptical/590710.jpg,elliptical
elliptical/593203.jpg,elliptical
elliptical/593250.jpg,elliptical
elliptical/594812.jpg,elliptical
elliptical/598515.jpg,elliptical
elliptical/598810.jpg,elliptical
elliptical/598811.jpg,spiral
elliptical/599999.jpg,elliptical
elliptical/601143.jpg,elliptical
elliptical/601606.jpg,elliptical
elliptical/601932.jpg,elliptical
elliptical/602213.jpg,elliptical
elliptical/604039.jpg,elliptical
elliptical/604516.jpg,elliptical
elliptical/604969.jpg,elliptical
elliptical/605719.jpg,elliptical
elliptical/606887.jpg,elliptical
elliptical/607314.jpg,elliptical
elliptical/607872.jpg,elliptical
elliptical/608223.jpg,elliptical
elliptical/608297.jpg,elliptical
elliptical/609484.jpg,elliptical
elliptical/611009.jpg,elliptical
elliptical/611159.jpg,elliptical
elliptical/611864.jpg,elliptical
elliptical/613168.jpg,elliptical
elliptical/614179.jpg,elliptical
elliptical/614389.jpg,elliptical
elliptical/614955.jpg,elliptical
elliptical/615557.jpg,elliptical
elliptical/615816.jpg,elliptical
elliptical/616394.jpg,elliptical
elliptical/617378.jpg,elliptical
elliptical/617840.jpg,elliptical
elliptical/620785.jpg,spiral
elliptical/621145.jpg,elliptical
elliptical/621329.jpg,elliptical
elliptical/621724.jpg,elliptical
elliptical/622400.jpg,elliptical
elliptical/622538.jpg,spiral
elliptical/622544.jpg,elliptical
elliptical/622744.jpg,elliptical
elliptical/622905.jpg,elliptical
elliptical/622994.jpg,elliptical
elliptical/623391.jpg,spiral
elliptical/626069.jpg,elliptical
elliptical/626305.jpg,elliptical
elliptical/626804.jpg,elliptical
elliptical/627046.jpg,elliptical
elliptical/627854.jpg,spiral
elliptical/628183.jpg,elliptical
elliptical/629120.jpg,elliptical
elliptical/629246.jpg,elliptical
elliptical/630983.jpg,elliptical
elliptical/633683.jpg,elliptical
elliptical/634406.jpg,elliptical
elliptical/635461.jpg,elliptical
elliptical/635665.jpg,elliptical
elliptical/635796.jpg,elliptical
elliptical/636034.jpg,spiral
elliptical/636266.jpg,elliptical
elliptical/636345.jpg,elliptical
elliptical/636852.jpg,elliptical
elliptical/637414.jpg,elliptical
elliptical/637526.jpg,elliptical
elliptical/638621.jpg,spiral
elliptical/638625.jpg,elliptical
elliptical/638634.jpg,elliptical
elliptical/640150.jpg,elliptical
elliptical/641591.jpg,elliptical
elliptical/641953.jpg,elliptical
elliptical/642372.jpg,elliptical
elliptical/642675.jpg,elliptical
elliptical/642839.jpg,elliptical
elliptical/643124.jpg,elliptical
elliptical/644002.jpg,elliptical
elliptical/644403.jpg,elliptical
elliptical/644447.jpg,elliptical
elliptical/645207.jpg,elliptical
elliptical/646094.jpg,elliptical
elliptical/648035.jpg,elliptical
elliptical/649970.jpg,elliptical
elliptical/650183.jpg,elliptical
elliptical/650231.jpg,elliptical
elliptical/650944.jpg,elliptical
elliptical/652959.jpg,elliptical
elliptical/653070.jpg,elliptical
elliptical/653254.jpg,elliptical
elliptical/654784.jpg,elliptical
elliptical/655033.jpg,elliptical
elliptical/655771.jpg,elliptical
elliptical/656366.jpg,elliptical
elliptical/657103.jpg,elliptical
elliptical/657916.jpg,elliptical
elliptical/658392.jpg,elliptical
elliptical/658411.jpg,elliptical
elliptical/659125.jpg,elliptical
elliptical/659233.jpg,elliptical
elliptical/659920.jpg,elliptical
elliptical/660511.jpg,elliptical
elliptical/661027.jpg,elliptical
elliptical/662271.jpg,elliptical
elliptical/662385.jpg,elliptical
elliptical/662555.jpg,elliptical
elliptical/663045.jpg,elliptical
elliptical/664070.jpg,elliptical
elliptical/664443.jpg,elliptical
elliptical/664545.jpg,elliptical
elliptical/665755.jpg,elliptical
elliptical/666190.jpg,elliptical
elliptical/667627.jpg,elliptical
elliptical/667696.jpg,elliptical
elliptical/668501.jpg,elliptical
elliptical/668685.jpg,elliptical
elliptical/668861.jpg,elliptical
elliptical/669105.jpg,elliptical
elliptical/669294.jpg,elliptical
elliptical/669638.jpg,elliptical
elliptical/669813.jpg,elliptical
elliptical/671811.jpg,elliptical
elliptical/673371.jpg,elliptical
elliptical/673490.jpg,elliptical
elliptical/673501.jpg,elliptical
elliptical/673605.jpg,elliptical
elliptical/673620.jpg,spiral
elliptical/673945.jpg,elliptical
elliptical/673957.jpg,elliptical
elliptical/675301.jpg,elliptical
elliptical/675565.jpg,elliptical
elliptical/675657.jpg,spiral
elliptical/676207.jpg,elliptical
elliptical/678913.jpg,elliptical
elliptical/679798.jpg,elliptical
elliptical/679897.jpg,elliptical
elliptical/679964.jpg,spiral
elliptical/680644.jpg,spiral
elliptical/680645.jpg,elliptical
elliptical/680936.jpg,elliptical
elliptical/681866.jpg,elliptical
elliptical/681867.jpg,elliptical
elliptical/682228.jpg,elliptical
elliptical/682943.jpg,elliptical
elliptical/684910.jpg,elliptical
elliptical/685261.jpg,spiral
elliptical/686039.jpg,elliptical
elliptical/686353.jpg,elliptical
elliptical/687073.jpg,elliptical
elliptical/687420.jpg,spiral
elliptical/689278.jpg,elliptical
elliptical/690517.jpg,elliptical
elliptical/691461.jpg,elliptical
elliptical/691625.jpg,elliptical
elliptical/692450.jpg,elliptical
elliptical/692517.jpg,elliptical
elliptical/693331.jpg,elliptical
elliptical/694988.jpg,elliptical
elliptical/696240.jpg,elliptical
elliptical/697141.jpg,elliptical
elliptical/698189.jpg,elliptical
elliptical/701369.jpg,elliptical
spiral/102433.jpg,spiral
spiral/103037.jpg,spiral
spiral/103950.jpg,spiral
spiral/104001.jpg,spiral
spiral/104365.jpg,spiral
spiral/105572.jpg,spiral
spiral/107745.jpg,barred_spiral
spiral/110633.jpg,spiral
spiral/114966.jpg,spiral
spiral/115247.jpg,spiral
spiral/115777.jpg,spiral
spiral/117206.jpg,spiral
spiral/120548.jpg,spiral
spiral/121031.jpg,spiral
spiral/122240.jpg,spiral
spiral/123470.jpg,spiral
spiral/124265.jpg,spiral
spiral/125719.jpg,spiral
spiral/126153.jpg,spiral
spiral/127795.jpg,spiral
spiral/128998.jpg,spiral
spiral/129043.jpg,spiral
spiral/130071.jpg,spiral
spiral/130741.jpg,spiral
spiral/130858.jpg,spiral
spiral/131500.jpg,spiral
spiral/133282.jpg,spiral
spiral/133499.jpg,spiral
spiral/135499.jpg,spiral
spiral/135902.jpg,spiral
spiral/138816.jpg,spiral
spiral/139556.jpg,spiral
spiral/145741.jpg,spiral
spiral/145831.jpg,spiral
spiral/147211.jpg,spiral
spiral/147525.jpg,spiral
spiral/150138.jpg,spiral
spiral/150916.jpg,spiral
spiral/151026.jpg,spiral
spiral/151326.jpg,spiral
spiral/156321.jpg,spiral
spiral/159630.jpg,spiral
spiral/160693.jpg,spiral
spiral/162376.jpg,spiral
spiral/162627.jpg,spiral
spiral/168702.jpg,spiral
spiral/171120.jpg,spiral
spiral/174245.jpg,spiral
spiral/174589.jpg,elliptical
spiral/176293.jpg,spiral
spiral/176729.jpg,spiral
spiral/177330.jpg,spiral
spiral/177517.jpg,spiral
spiral/178276.jpg,spiral
spiral/179695.jpg,spiral
spiral/180442.jpg,spiral
spiral/182193.jpg,spiral
spiral/185561.jpg,spiral
spiral/187523.jpg,spiral
spiral/188135.jpg,spiral
spiral/188184.jpg,spiral
spiral/188613.jpg,spiral
spiral/188958.jpg,spiral
spiral/189109.jpg,spiral
spiral/190181.jpg,spiral
spiral/190685.jpg,spiral
spiral/190867.jpg,spiral
spiral/193886.jpg,spiral
spiral/195592.jpg,spiral
spiral/197852.jpg,spiral
spiral/198937.jpg,spiral
spiral/200044.jpg,spiral
spiral/200801.jpg,spiral
spiral/202369.jpg,spiral
spiral/202479.jpg,spiral
spiral/202636.jpg,elliptical
spiral/202943.jpg,spiral
spiral/203480.jpg,spiral
spiral/203528.jpg,barred_spiral
spiral/204537.jpg,spiral
spiral/206676.jpg,spiral
spiral/207298.jpg,spiral
spiral/207798.jpg,spiral
spiral/208686.jpg,spiral
spiral/208903.jpg,spiral
spiral/209657.jpg,barred_spiral
spiral/210409.jpg,spiral
spiral/211437.jpg,spiral
spiral/211666.jpg,spiral
spiral/214708.jpg,barred_spiral
spiral/214751.jpg,barred_spiral
spiral/214862.jpg,spiral
spiral/216032.jpg,spiral
spiral/216248.jpg,spiral
spiral/217915.jpg,spiral
spiral/218509.jpg,spiral
spiral/218736.jpg,spiral
spiral/221497.jpg,spiral
spiral/223668.jpg,spiral
spiral/227311.jpg,barred_spiral
spiral/233935.jpg,spiral
spiral/235315.jpg,spiral
spiral/236162.jpg,spiral
spiral/237065.jpg,spiral
spiral/237182.jpg,spiral
spiral/238062.jpg,spiral
spiral/239095.jpg,spiral
spiral/241154.jpg,spiral
spiral/248308.jpg,spiral
spiral/248461.jpg,spiral
spiral/248792.jpg,spiral
spiral/249378.jpg,spiral
spiral/249498.jpg,spiral
spiral/250239.jpg,spiral
spiral/252388.jpg,elliptical
spiral/254812.jpg,spiral
spiral/255536.jpg,spiral
spiral/256211.jpg,spiral
spiral/257364.jpg,spiral
spiral/257573.jpg,spiral
spiral/260832.jpg,barred_spiral
spiral/261333.jpg,elliptical
spiral/266537.jpg,spiral
spiral/269791.jpg,spiral
spiral/271639.jpg,spiral
spiral/271819.jpg,spiral
spiral/273011.jpg,spiral
spiral/279863.jpg,spiral
spiral/280644.jpg,spiral
spiral/281077.jpg,spiral
spiral/283059.jpg,spiral
spiral/288091.jpg,spiral
spiral/288435.jpg,spiral
spiral/288682.jpg,spiral
spiral/289514.jpg,spiral
spiral/289846.jpg,spiral
spiral/292606.jpg,spiral
spiral/294370.jpg,spiral
spiral/297364.jpg,spiral
spiral/298983.jpg,spiral
spiral/299351.jpg,spiral
spiral/301449.jpg,spiral
spiral/301905.jpg,spiral
spiral/302131.jpg,spiral
spiral/303361.jpg,spiral
spiral/304003.jpg,barred_spiral
spiral/304032.jpg,spiral
spiral/304318.jpg,spiral
spiral/304547.jpg,spiral
spiral/307526.jpg,spiral
spiral/307797.jpg,spiral
spiral/307930.jpg,spiral
spiral/308622.jpg,spiral
spiral/308918.jpg,spiral
spiral/309844.jpg,elliptical
spiral/310078.jpg,spiral
spiral/310282.jpg,spiral
spiral/311964.jpg,elliptical
spiral/312814.jpg,elliptical
spiral/313054.jpg,spiral
spiral/315614.jpg,spiral
spiral/316136.jpg,spiral
spiral/316304.jpg,spiral
spiral/319096.jpg,spiral
spiral/320065.jpg,spiral
spiral/321210.jpg,barred_spiral
spiral/321590.jpg,spiral
spiral/322548.jpg,spiral
spiral/325453.jpg,elliptical
spiral/325702.jpg,spiral
spiral/330594.jpg,spiral
spiral/330999.jpg,spiral
spiral/331438.jpg,spiral
spiral/331754.jpg,spiral
spiral/333063.jpg,spiral
spiral/335462.jpg,spiral
spiral/336245.jpg,spiral
spiral/336877.jpg,spiral
spiral/338574.jpg,spiral
spiral/338590.jpg,spiral
spiral/339535.jpg,spiral
spiral/350164.jpg,spiral
spiral/351892.jpg,elliptical
spiral/352276.jpg,spiral
spiral/353642.jpg,spiral
spiral/353901.jpg,spiral
spiral/355116.jpg,spiral
spiral/355664.jpg,spiral
spiral/355933.jpg,spiral
spiral/357126.jpg,spiral
spiral/357876.jpg,spiral
spiral/360196.jpg,spiral
spiral/360319.jpg,spiral
spiral/363770.jpg,spiral
spiral/364377.jpg,spiral
spiral/364460.jpg,spiral
spiral/366050.jpg,spiral
spiral/368500.jpg,spiral
spiral/369424.jpg,spiral
spiral/370814.jpg,spiral
spiral/373619.jpg,spiral
spiral/373827.jpg,spiral
spiral/374199.jpg,spiral
spiral/374961.jpg,spiral
spiral/374970.jpg,spiral
spiral/375420.jpg,spiral
spiral/378069.jpg,barred_spiral
spiral/378556.jpg,barred_spiral
spiral/379893.jpg,spiral
spiral/380210.jpg,spiral
spiral/382263.jpg,barred_spiral
spiral/382828.jpg,spiral
spiral/383475.jpg,spiral
spiral/385816.jpg,spiral
spiral/389670.jpg,spiral
spiral/390192.jpg,spiral
spiral/393878.jpg,spiral
spiral/394573.jpg,barred_spiral
spiral/396859.jpg,spiral
spiral/396883.jpg,spiral
spiral/397250.jpg,spiral
spiral/397984.jpg,spiral
spiral/404056.jpg,spiral
spiral/405137.jpg,spiral
spiral/405873.jpg,spiral
spiral/405983.jpg,spiral
spiral/406188.jpg,spiral
spiral/410178.jpg,barred_spiral
spiral/411604.jpg,spiral
spiral/412081.jpg,barred_spiral
spiral/414571.jpg,elliptical
spiral/414836.jpg,spiral
spiral/416618.jpg,spiral
spiral/417034.jpg,spiral
spiral/418486.jpg,spiral
spiral/422023.jpg,spiral
spiral/422463.jpg,spiral
spiral/422673.jpg,spiral
spiral/424660.jpg,edge_view_spiral
spiral/426065.jpg,elliptical
spiral/429290.jpg,spiral
spiral/430172.jpg,spiral
spiral/431699.jpg,spiral
spiral/432974.jpg,spiral
spiral/432985.jpg,spiral
spiral/434328.jpg,spiral
spiral/435989.jpg,elliptical
spiral/437368.jpg,spiral
spiral/444692.jpg,spiral
spiral/448994.jpg,spiral
spiral/449046.jpg,spiral
spiral/449673.jpg,spiral
spiral/450872.jpg,spiral
spiral/452022.jpg,spiral
spiral/453099.jpg,spiral
spiral/453197.jpg,spiral
spiral/453471.jpg,spiral
spiral/454057.jpg,spiral
spiral/455194.jpg,spiral
spiral/458077.jpg,spiral
spiral/460096.jpg,barred_spiral
spiral/460109.jpg,spiral
spiral/463135.jpg,spiral
spiral/466575.jpg,elliptical
spiral/468661.jpg,spiral
spiral/470981.jpg,spiral
spiral/471656.jpg,spiral
spiral/475164.jpg,spiral
spiral/475650.jpg,spiral
spiral/477039.jpg,spiral
spiral/482240.jpg,spiral
spiral/484174.jpg,spiral
spiral/485143.jpg,spiral
spiral/486534.jpg,spiral
spiral/490954.jpg,elliptical
spiral/493926.jpg,spiral
spiral/494800.jpg,spiral
spiral/494804.jpg,spiral
spiral/495040.jpg,spiral
spiral/495657.jpg,spiral
spiral/497199.jpg,spiral
spiral/502922.jpg,spiral
spiral/503861.jpg,spiral
spiral/504663.jpg,spiral
spiral/505024.jpg,spiral
spiral/506156.jpg,spiral
spiral/507263.jpg,spiral
spiral/511161.jpg,spiral
spiral/511528.jpg,elliptical
spiral/513052.jpg,spiral
spiral/515623.jpg,barred_spiral
spiral/517045.jpg,spiral
spiral/518531.jpg,spiral
spiral/518614.jpg,spiral
spiral/519051.jpg,elliptical
spiral/522862.jpg,spiral
spiral/523238.jpg,spiral
spiral/523368.jpg,spiral
spiral/524120.jpg,spiral
spiral/526370.jpg,spiral
spiral/527363.jpg,elliptical
spiral/527692.jpg,spiral
spiral/528706.jpg,spiral
spiral/530256.jpg,spiral
spiral/530802.jpg,edge_view_spiral
spiral/533697.jpg,spiral
spiral/534074.jpg,spiral
spiral/534937.jpg,spiral
spiral/535499.jpg,spiral
spiral/536382.jpg,spiral
spiral/540170.jpg,spiral
spiral/545949.jpg,spiral
spiral/546123.jpg,spiral
spiral/546167.jpg,spiral
spiral/548009.jpg,spiral
spiral/548197.jpg,spiral
spiral/550631.jpg,spiral
spiral/550882.jpg,spiral
spiral/553245.jpg,barred_spiral
spiral/554081.jpg,spiral
spiral/554391.jpg,spiral
spiral/554881.jpg,spiral
spiral/556405.jpg,elliptical
spiral/557037.jpg,spiral
spiral/557600.jpg,spiral
spiral/558298.jpg,spiral
spiral/558985.jpg,spiral
spiral/559275.jpg,spiral
spiral/561020.jpg,spiral
spiral/561491.jpg,spiral
spiral/561696.jpg,barred_spiral
spiral/573691.jpg,spiral
spiral/574196.jpg,spiral
spiral/574302.jpg,spiral
spiral/577797.jpg,spiral
spiral/578256.jpg,spiral
spiral/578257.jpg,spiral
spiral/578638.jpg,spiral
spiral/578945.jpg,spiral
spiral/579091.jpg,spiral
spiral/579485.jpg,spiral
spiral/583117.jpg,barred_spiral
spiral/584758.jpg,spiral
spiral/585493.jpg,spiral
spiral/586271.jpg,spiral
spiral/588175.jpg,spiral
spiral/589437.jpg,spiral
spiral/590095.jpg,spiral
spiral/591474.jpg,spiral
spiral/594841.jpg,spiral
spiral/595969.jpg,spiral
spiral/597503.jpg,spiral
spiral/597765.jpg,spiral
spiral/598508.jpg,spiral
spiral/599517.jpg,spiral
spiral/601930.jpg,spiral
spiral/603165.jpg,spiral
spiral/603255.jpg,spiral
spiral/604692.jpg,elliptical
spiral/605218.jpg,spiral
spiral/605235.jpg,spiral
spiral/605506.jpg,spiral
spiral/605945.jpg,spiral
spiral/608251.jpg,spiral
spiral/608794.jpg,spiral
spiral/609857.jpg,spiral
spiral/612377.jpg,spiral
spiral/613254.jpg,spiral
spiral/614959.jpg,edge_view_spiral
spiral/615889.jpg,spiral
spiral/616249.jpg,spiral
spiral/617438.jpg,spiral
spiral/618585.jpg,spiral
spiral/620100.jpg,elliptical
spiral/620219.jpg,spiral
spiral/622630.jpg,spiral
spiral/626428.jpg,spiral
spiral/628423.jpg,barred_spiral
spiral/628502.jpg,spiral
spiral/628557.jpg,spiral
spiral/628974.jpg,spiral
spiral/630234.jpg,spiral
spiral/631972.jpg,spiral
spiral/634747.jpg,spiral
spiral/641476.jpg,spiral
spiral/641899.jpg,spiral
spiral/642960.jpg,spiral
spiral/643131.jpg,spiral
spiral/644071.jpg,spiral
spiral/644213.jpg,spiral
spiral/646428.jpg,spiral
spiral/647133.jpg,spiral
spiral/648468.jpg,barred_spiral
spiral/649801.jpg,spiral
spiral/653190.jpg,spiral
spiral/656524.jpg,elliptical
spiral/659387.jpg,spiral
spiral/660510.jpg,spiral
spiral/662257.jpg,spiral
spiral/664015.jpg,spiral
spiral/664745.jpg,spiral
spiral/664883.jpg,spiral
spiral/665337.jpg,spiral
spiral/666036.jpg,spiral
spiral/667884.jpg,spiral
spiral/667981.jpg,spiral
spiral/671471.jpg,spiral
spiral/672137.jpg,spiral
spiral/673247.jpg,spiral
spiral/674909.jpg,spiral
spiral/675465.jpg,spiral
spiral/675802.jpg,spiral
spiral/676307.jpg,spiral
spiral/679757.jpg,spiral
spiral/681362.jpg,elliptical
spiral/685321.jpg,spiral
spiral/686013.jpg,spiral
spiral/686273.jpg,barred_spiral
spiral/686288.jpg,spiral
spiral/698916.jpg,spiral
spiral/701152.jpg,spiral
